98; (610)057-2703x68335; Lloyd, Turner and Ware; John; Robertson
167; 388.428.1133x155; Ward LLC; Donald; Smith
12; (692)863-8994x075; Mendoza Inc; Jonathan; Rodriguez
31; (998)028-4972x3923; Hayden Group; Tracy; Dillon
186; 387.507.2514; Braun-Hoffman; Jeff; Nicholson
192; 161.456.4446x4724; Harris-Hurst; Debra; Gay
18; +1-023-458-1723x8835; Gonzalez-Morgan; George; Myers
16; 001-119-307-2239x452; Green, Allen and Carlson; Richard; Jackson
48; 233-446-4979x3100; Sanchez, Ware and Reeves; Jose; Curtis
173; +1-464-636-0243x6791; Robertson-Hodge; Jennifer; Welch
258; 631-219-9946x122; Goodman Group; Susan; Hall
146; 001-228-671-3726; Johnson LLC; Lori; Santiago
266; +1-480-618-6080x96710; Jones-Howell; John; Murray
94; 751.634.3600x989; Cuevas LLC; Christian; Brown
37; +1-216-073-9480x05666; Hill, Norris and Richardson; David; Thornton
15; +1-676-166-4721x60676; Scott Inc; Denise; Butler
166; (103)757-3251x04839; Schneider-Stanley; Laura; Prince
118; 9730668544; Todd, Garcia and Hill; Philip; Griffin
139; +1-950-480-1175; Gonzalez, Thompson and Wilson; Jo; Richardson
1; 690-334-2003x565; Lane, Short and Martin; Melissa; Griffin
57; 735.167.9797; Walsh, Stephenson and Jordan; Amy; Taylor
254; 001-415-114-2861; Adams, Rodriguez and Schmitt; Anne; Gutierrez
36; (505)091-5121x26559; Johnson-Mason; Michele; Burns
77; 027-704-6756x6932; Johnson Group; Rachel; Contreras
119; 833.262.2431x243; Faulkner LLC; Gabriel; White
194; (166)643-3384x3518; Payne, Wood and Taylor; Gina; Reilly
55; 001-420-092-1230x68440; Thompson-Juarez; Adam; Smith
67; 641.470.6867x9340; Vega Ltd; Pamela; Ryan
158; (252)140-9990x23355; Larsen LLC; Melissa; Shaw
130; 5933878315; Kaiser and Sons; John; Mullins
59; 001-702-390-6206; Patel PLC; Elijah; Stewart
29; (024)755-2400x8387; Fernandez Ltd; Jason; Wiggins
137; 001-079-119-5842x291; Smith PLC; Ricardo; Smith
252; 923.636.4673; Coffey-Browning; Bryan; Schwartz
39; 761-888-6551x7727; Rogers-Diaz; Kendra; Green
22; 4085070476; Gardner-Gibson; Beth; Jones
233; +1-872-693-1789x01207; Keller and Sons; William; Castillo
104; 763-708-3064; Pearson, Mitchell and Lewis; Scott; Schmitt
11; 1365985048; Porter, Rose and Diaz; Rick; White
225; 460.074.1465x3561; Maynard, Brown and Morales; Michael; Vargas
52; 001-473-041-2024x94996; Romero-Berry; Evan; Jones
114; 872-482-4529; Jones LLC; Amy; Leonard
56; +1-482-430-6285; Berry Group; Andrew; Smith
64; 704-645-7968x06637; Robinson Group; Melinda; Joseph
226; 138.234.5051x001; Lyons-Moreno; Amanda; Smith
72; 001-656-794-2059x082; Glass, Campbell and Washington; Donald; Sanchez
298; 001-362-593-9415x3776; Russell-Luna; Jennifer; Greer
269; +1-028-688-3129x854; Copeland, Wagner and Huerta; Evan; Rivera
297; 4102214485; Shepard and Sons; Ashley; Mcdonald
66; 510-936-7420x042; Potter-Carter; Jimmy; Davila
112; 821-741-5816; Patterson-Moore; Zoe; Maxwell
125; 985-801-7959x60724; Smith-Stanley; Andrea; Dawson
122; 001-909-248-5031x617; Lopez, Stanton and Jones; Terri; Crawford
232; 882.877.1440x895; Banks Ltd; Rita; Hobbs
191; 0799073694; Casey-Dorsey; Heather; Hines
248; 533.774.3125x691; Banks PLC; Eric; Mills
80; 139-510-5430; Stewart Ltd; Isaac; Clark
274; +1-320-476-4523x58148; Reyes, Mcgee and Henderson; Stephanie; Lewis
156; (280)115-4330x548; English, Meadows and Scott; Shawn; Miller
70; 368.005.3694x51502; Jacobs Ltd; Lisa; Castillo
182; +1-804-135-5212x505; Perez-Sullivan; Dominique; Williams
53; 001-747-520-7641x92345; Serrano, Brown and Wu; Crystal; Green
236; 001-329-157-5483x66830; Bolton, Clark and Norman; Jennifer; Ruiz
251; 001-381-040-5721x765; Yang, Lopez and Palmer; Tina; Fowler
120; (450)719-9163x171; Jones-Spencer; Brad; Armstrong
204; (158)264-0139; Wright, King and Clark; Brian; Hinton
85; 032.595.1833x9307; Kelley Inc; Joseph; West
14; (381)251-2926x323; Brennan, Crosby and Campbell; Colleen; Maddox
20; (710)223-8673x5896; Valdez and Sons; Amy; Lamb
190; 001-874-346-6755; Pruitt PLC; Mark; Wilson
276; 4633357830; Thomas LLC; Nathan; Figueroa
203; (158)440-2047; Thompson-Fry; Rebecca; Cunningham
275; 567-006-4058x42183; Cooke-Richardson; Barbara; Campos
200; +1-421-444-0247; Thomas LLC; John; Williams
235; 001-913-775-4858x19523; Frank and Sons; Gina; Scott
133; 4892427033; Mccarty-Davis; Benjamin; Schwartz
216; 610.114.1621x949; Velasquez, Palmer and Acosta; Anne; Beasley
87; 7355674693; Brown and Sons; Richard; Sanchez
23; +1-154-392-4567x7373; Morales, White and Young; Robin; Clayton
83; 001-746-085-8225x9364; Howard and Sons; Jessica; Graves
28; 339-626-0521x179; Mendoza PLC; Nicole; Johnson
215; 4229201589; Long-Fletcher; Joseph; Robinson
79; 001-017-046-8652; Martinez Group; Alexander; Santiago
41; +1-981-516-0413; Luna-Mcclain; James; Conley
63; +1-554-648-9332x72349; Webb Group; Dawn; Davis
193; (058)451-6767; Todd Group; Megan; Rivera
129; 146-748-0201x691; Gillespie, Best and Lopez; Jesse; Edwards
32; 897-684-5997; Ramirez-Simmons; Karen; Cole
249; 883.727.9480x212; West, Mitchell and Green; Elizabeth; Schneider
43; 997-304-9137x906; Walker-Osborne; Linda; Gill
213; +1-112-966-2121x933; Carpenter, Jones and Randolph; Matthew; Jones
247; 001-348-561-4844x8645; Barnett-Baxter; Christopher; Davis
46; 5165801705; Wilkinson-Dean; Mark; Buchanan
10; 001-782-355-7584x555; Hernandez, Thomas and Baird; Kelly; Ramirez
160; 4779447276; Hurley-Hansen; Christopher; Hunt
111; 820.255.2235x333; Brown-Price; Margaret; Perkins
117; 309.637.1135; Fischer Group; Robert; Bowen
93; (414)253-0727x01394; Gregory Ltd; Brad; Hawkins
279; +1-441-722-7369x5930; Newman, Washington and Allen; Laura; Estes
171; 001-952-424-7491; Page, Wong and Arnold; Nancy; Bell
223; 929-036-8241x132; Osborne, Morales and Jones; Sara; Myers
47; 948-534-3857x114; Booth, Grant and Stevens; Tammy; Elliott
4; 001-147-207-7805x82814; Robertson PLC; Stephanie; Wagner
6; (488)961-8260; Wade, Butler and Stevenson; Curtis; Shields
124; 162.420.0922x2871; Walters Inc; Christine; Garcia
60; (456)040-0055x9615; Johnson LLC; Margaret; Deleon
165; (260)710-1241; Campbell Ltd; Elizabeth; Gonzalez
150; +1-440-711-2888x5392; Clark Inc; Kelsey; Saunders
33; 882-885-7297; Decker PLC; Troy; Ramirez
138; +1-868-713-3306x355; Turner-Brown; Kevin; Johnson
90; 001-281-597-3905x1591; Rhodes Ltd; James; Boyer
240; 334.058.6439; Turner PLC; Lauren; Gonzalez
144; 943.850.5491x11617; Anderson Group; Raymond; Villegas
197; 077-537-3167x65591; Contreras-Stone; Monique; Bowen
288; 2790883782; Young PLC; Jacob; Waller
250; 5035247815; Nichols-Hall; Katherine; Haynes
128; 247.456.1892x48659; Davenport-Soto; Tyler; Bowman
187; 001-154-566-7852x187; Harris LLC; Andrea; Moore
105; 909.331.2786; Lin, Lane and Crawford; Kristopher; Lynch
50; 493.105.6547x1997; Brooks-Morgan; Jessica; Lawson
135; +1-071-114-1651x399; White-Mendoza; Dustin; Bullock
287; 0573318893; White-Hughes; Maria; Fox
113; 169-607-2409x0269; Baker PLC; Ricky; Young
126; (361)706-7516x02675; Robinson PLC; Jacqueline; Baker
110; +1-050-319-4711x6784; Nunez, Galloway and Bernard; Jane; Fuentes
91; 172.978.2858; Rangel-Pope; Erin; Spence
78; +1-307-668-4964; Jenkins, Vega and Rivas; Daniel; Black
300; 919-553-2889x743; Boyd-Morgan; Adam; Hanson
58; +1-061-827-8299x211; Waller, King and Ingram; Rodney; Hill
5; 001-103-784-3362x235; Graves PLC; Christina; Keller
159; 207-418-4766; Branch-Davis; Tammy; Cummings
152; +1-227-514-8779x335; Higgins, Escobar and Pittman; Edward; Stark
132; (311)679-3133x0597; Preston LLC; Micheal; Dixon
244; (961)813-2064x3475; Castillo, Patterson and Roman; Stuart; Wilson
178; 037-454-6449; Escobar and Sons; Crystal; Baker
196; (487)205-3201x214; Barton-Ward; David; Medina
242; 329.454.9844x821; Miller-Richardson; Michael; Torres
42; +1-290-542-8429x715; Mccoy-Wilson; Jodi; Thomas
100; 335-347-3238; Vazquez-Rojas; Elaine; Knapp
177; 031-885-5430x936; Coleman and Sons; Megan; Walters
255; +1-894-042-7599x1768; Mitchell-Wong; Matthew; Bowers
210; 608.198.8115x2072; Hawkins LLC; Daniel; Blanchard
296; 479.262.5168x732; Stone, Garcia and Peterson; Rebecca; Brown
246; 559-976-5377; Hopkins LLC; Timothy; Hood
293; (590)797-2120x04218; Campos, Luna and Williams; Maureen; Dunlap
289; (862)763-8884x72032; Newman-Reed; Emma; Day
272; 188.799.3267x149; Wade Group; Vanessa; Wells
140; +1-085-155-2355x664; Anderson, Montgomery and Hoover; Robert; Taylor
286; 008-048-0354x914; Hill-Allen; Jacob; Brewer
188; 737-713-9251x877; Perez Ltd; Karen; Mcdonald
238; 532.048.3831; Sherman-Cobb; Christopher; Roberts
168; 366-260-8310x860; Kelly, Munoz and Butler; Brian; Hughes
291; 1240933488; Cooley, Morris and Case; Richard; Delacruz
237; (382)049-2346; Mejia-Andrews; Adam; Moore
170; 001-744-868-5389x88433; Sloan-Crawford; Terri; James
149; +1-179-122-7908x087; Mullins, Weaver and Benitez; Mary; Newton
103; 651.189.5665x16333; Coleman, White and Russell; John; Gray
123; (807)800-3576; Martinez-Cooper; Katherine; Deleon
256; 412-740-6591x80628; Bell-Mccarthy; Kathleen; Robles
136; 6347203723; Smith-Palmer; Renee; Snow
174; 001-010-099-3448x880; Freeman, Parker and Morales; Alexis; Jackson
281; 001-702-836-4997x49449; Adams, Bell and Curry; Nichole; Snyder
222; 001-013-949-4209; Avery, Hall and Oconnor; Jessica; Cole
169; 247-011-9366; Bonilla-Brown; Dawn; Glover
106; 421.266.9166x8353; Williams-Barajas; Ashley; Bartlett
71; 001-769-843-9934x383; Reed, Singleton and Chapman; Bradley; Lopez
151; (592)966-7837x457; Sharp PLC; Gregory; Kirk
284; 815.840.3880; Vargas-Parker; Patrick; Davis
148; (098)404-8401x8582; Chavez Inc; Virginia; Morales
7; (888)193-4255x490; Barnes and Sons; James; Hickman
75; +1-288-724-6807x5400; Jacobson-Thompson; Jennifer; Mccann
21; (264)204-3358x26493; Roberts Group; Logan; Johnson
295; 001-882-064-7571x70083; Farrell and Sons; Alexis; Lee
230; +1-899-507-2577; French, Douglas and Shea; Chad; Rose
9; (318)687-2446x736; Vaughn-Ramirez; Christine; Espinoza
131; +1-891-878-8329; Martinez-Terry; Nicholas; Rosario
278; +1-576-180-7183x6701; Ward, Lowery and Roberts; Sheila; Quinn
69; 968-500-3640x79485; Dixon, Faulkner and Goodwin; Joseph; Bennett
231; (622)797-6073; Ho Inc; Kimberly; Davila
84; (690)257-9513; Robertson LLC; Jose; Moore
27; 2567819197; Myers LLC; Amy; White
17; 001-473-815-4002x0999; Jones PLC; Jason; Ramirez
109; 120.199.9120x4678; Newman, Davis and Butler; Nicole; Porter
228; 858-241-1754x62610; Meadows, Wade and Ramirez; Erin; Thompson
142; 8343813803; Rasmussen PLC; Kathryn; Thomas
81; 001-357-395-8381x9547; Jennings and Sons; Lauren; Faulkner
183; 5058260260; Wright and Sons; Robert; Black
243; +1-244-222-6523x656; Walters-Parks; Brandon; Robertson
179; 385.704.4687; Vaughn, Lopez and Merritt; Andrew; Conley
299; (119)480-2181x02283; Delgado, Davis and Robinson; Nicole; Miller
285; 555.265.3877x8904; Johnson Ltd; Noah; Jones
211; +1-948-538-7422x76039; Rowe, Hooper and Jones; Ashley; Coleman
176; 393-403-7797x866; Ruiz, Rodriguez and Morris; Stacey; Harris
214; 077-460-7646x029; Hansen Group; Michael; Johnston
282; +1-732-104-1818x3309; Pace-Meyer; Laura; Brooks
239; 494-612-6463x56829; Aguilar Group; Alexis; Miller
134; 8654092534; Webb, Coleman and Durham; Melissa; Moreno
220; 858-562-1395x38133; Hill and Sons; Michelle; Boyd
224; (646)352-7798x4358; Savage-Morrison; Annette; Thompson
24; (732)016-6908; Garcia, Lee and Anderson; Cynthia; Sullivan
262; 001-695-013-9814x515; Baker LLC; Adrienne; Fisher
234; 001-600-272-7593x86166; Phillips Inc; Nathan; Thomas
283; (661)325-2287; Anderson Ltd; Russell; Underwood
34; 167.774.6826x796; Schaefer Inc; Craig; Brady
97; 971.073.6032; Howell-Ali; Joan; Johnson
13; 681.612.6385x491; Ross Ltd; Robert; Foster
45; +1-411-612-5901x876; Patterson-Mitchell; Ashley; Potts
162; 941-366-0673x355; Jones and Sons; Stacy; Sanchez
202; 001-721-555-5573; Jimenez, Smith and Clark; Joshua; Stanley
2; 825-306-5686; Heath Group; Cynthia; Fisher
277; (327)903-7239; Vincent-Rodriguez; Michael; Ayers
207; +1-290-714-5623x9248; Lee-Smith; Matthew; Moses
141; 001-738-841-2670x5099; Medina and Sons; Robert; Torres
229; 022.818.6875; Wilson-Martinez; Brittany; Jensen
163; (641)668-7371x461; Guzman-Peters; Erik; Richard
96; (848)053-0991x70958; Palmer PLC; James; Vang
184; 280.878.1123; Figueroa Inc; Mary; Williams
115; 723-344-0381x9495; Mitchell, Thompson and Phillips; Jessica; Kidd
88; +1-987-718-3272x2961; Ferguson and Sons; Pam; Rice
127; 1981292646; Sloan and Sons; Phillip; Lee
54; (563)887-3667; Hunter-Martinez; Tonya; Adams
292; (476)865-2737; Martin, Phillips and Simpson; Peter; Mathews
30; 629-232-3237; Simpson Ltd; Devin; Joseph
108; 349.003.6583x559; Bailey and Sons; Pamela; Juarez
35; (734)875-4473x633; Johnson, Goodwin and Holmes; Yvonne; Cook
164; 533-759-4271x4630; Frey-Guerrero; Jeffery; Diaz
294; 3323187349; Lee, Smith and Brady; Mark; White
180; 694-120-7285x21727; Lopez-West; Adam; Noble
145; 926-918-0956x5215; King-Hicks; Heather; Rose
241; 001.780.4153; Martinez Ltd; Emily; Frazier
101; (753)534-0989; Wright, Brennan and Andrade; Raymond; Hayes
175; 3513103805; Chen PLC; Jason; Turner
8; 001-269-596-5780x20662; White, Cochran and Bush; Mallory; Spence
155; 411-890-6064; Campbell, Sawyer and Butler; Jim; Turner
195; (914)342-9302; Parks, Davis and Calhoun; John; Nelson
217; 051-062-4601; Day Inc; Donald; Parks
86; +1-715-312-8684; Rodriguez-Campbell; Thomas; Jones
153; 001-448-233-0946x086; Holland, Brennan and Alvarado; Heather; Yoder
189; 8106404119; Rose-Lopez; Erik; Hughes
260; 087-094-8749; White-Williams; Robert; Avery
221; 964-099-3649x4007; Hartman, Fischer and Carson; Lawrence; Myers
89; 187-327-3956x24095; Stevens-Maldonado; Derrick; Vincent
157; 843.913.4338x70600; Clay, Gonzales and Macias; Shawn; Griffin
76; 229.196.2293; Knight LLC; Brian; Allen
208; (731)515-2001; Lopez-Everett; Donna; Shaw
61; 363.379.5835x286; Nunez Group; William; Cunningham
199; (430)406-6188; Jacobs Inc; Amy; Williams
270; 001-631-080-0890; Harris-Butler; Patricia; Garcia
19; 243-042-0016x7476; Orr, Smith and Smith; Bryan; Carey
206; (993)329-4473x20609; Perkins, Harris and Gardner; Timothy; Bell
259; 564.569.9742x10915; Larson, Johns and Rice; George; Ford
51; 001-137-463-2869; Benson, Miller and Valentine; Erin; Bass
267; 9528173156; Perry LLC; Jonathan; Baker
107; 536.649.8058x95870; Foster-Brooks; Stephanie; Keith
26; (235)990-8467; Shea, Pugh and Ward; Lisa; Thornton
273; +1-687-549-3453x36833; Jordan-Ruiz; Madison; Crawford
263; 540.578.4746x781; Taylor, Harrison and Nelson; Michelle; Nunez
253; 374.664.9947; Gilbert, Baker and David; Scott; Valdez
257; (577)012-0603x1701; Smith-Garcia; Scott; Wilkins
227; 914.824.1659; Lee, Ross and Coleman; Eric; Franco
172; (941)134-1681; Salazar Inc; Maria; Flores
264; 5732887949; Tate, Brown and Ball; Aaron; Roy
218; (043)083-8249x205; Buck-Tran; Marissa; Pope
68; +1-197-604-6334x5807; Smith LLC; Cameron; Stewart
62; +1-327-906-5935x3004; Taylor, Miles and Sullivan; Joel; Mack
268; 004.849.5252; Chan and Sons; Sarah; Thomas
25; (568)439-0299x86176; Harvey, Moore and Smith; Victoria; Pierce
271; 451-404-2793; Mahoney-Hendricks; Lisa; Novak
198; (307)812-1156; Ramirez, Riley and Rivas; David; Wilson
219; 212.919.3281x6152; Lee-Braun; Stacy; Brown
40; +1-185-269-5169x418; Harris PLC; Valerie; Powers
44; (040)132-9973; Lynch LLC; Jeanne; Merritt
95; 001-280-042-1785; Floyd-Peterson; Ashley; Roberts
74; 426-524-3684; Beck Ltd; Melissa; Mcdonald
143; (167)928-2932x308; Miller-Jennings; Brooke; Carrillo
201; 731.845.6257; Johnson and Sons; Janet; Beck
161; 001-689-748-5288; Griffin-Miller; Wanda; Cooper
245; (074)726-5076; Johnson-Young; Anthony; Young
102; 001-791-928-1572x359; Castro-Thomas; Robert; Turner
38; 001-423-091-4098x29115; Walsh Inc; Amber; Williams
3; 001-106-038-9008x24855; Ellis-Wise; Emily; Gibson
116; (024)486-2825; Medina PLC; Robert; Nelson
261; 361.528.7047x7842; Soto, Gibson and Smith; Lori; Roberts
92; +1-287-439-5099; Trevino-Vasquez; Brian; Coleman
181; 001-655-985-1952x9754; Crawford PLC; Christopher; Myers
205; 001-883-014-1912x7459; Bradshaw-Rogers; Eric; Bird
147; 4574970143; Burns PLC; Amber; Nolan
212; 759.707.6348; Rojas-Hall; Charles; Robertson
65; 001-946-994-7126; Alexander Group; Michael; Lee
280; 227.771.5505; Maynard Inc; Jamie; Riley
209; 0477460580; Pennington-Hogan; Lee; Ayers
185; 597.444.4935; Price, Vargas and Perez; Samantha; Lopez
290; 607-880-7219x19011; Stewart, Parsons and Ramirez; Maurice; Holden
49; +1-906-451-7507x244; Wilson-Parker; John; Stafford
99; +1-652-106-2332x71782; Rice Ltd; Barbara; Anderson
265; 149.866.1882; Jimenez LLC; Kenneth; Mason
121; 564-685-6325x7793; Hamilton PLC; Michael; Smith
82; 001-584-326-7172x9640; Lewis-Espinoza; Ashley; Silva
154; (860)714-8392x7266; Douglas, Taylor and Hughes; Shannon; George
73; 541-005-5951; Nguyen LLC; Brandon; Morrison
