1;  690-334-2003x565;  Lane, Short and Martin;  Melissa;  Griffin;  torreskara@braun.com;  Heard Island and McDonald Islands;  http://www.miller.biz/
2;  825-306-5686;  Heath Group;  Cynthia;  Fisher;  rodriguezryan@chapman-roberson.info;  Nicaragua;  http://www.anderson-miller.com/
3;  001-106-038-9008x24855;  Ellis-Wise;  Emily;  Gibson;  ortizchristian@yahoo.com;  Gibraltar;  https://www.barron.com/
4;  001-147-207-7805x82814;  Robertson PLC;  Stephanie;  Wagner;  jacksoncheryl@gmail.com;  Mongolia;  https://paul-hayes.com/
5;  001-103-784-3362x235;  Graves PLC;  Christina;  Keller;  james21@stein-joseph.com;  Lao People's Democratic Republic;  https://www.butler.com/
6;  (488)961-8260;  Wade, Butler and Stevenson;  Curtis;  Shields;  alynch@mccall.com;  Saint Kitts and Nevis;  http://harper.net/
7;  (888)193-4255x490;  Barnes and Sons;  James;  Hickman;  millersusan@gmail.com;  Equatorial Guinea;  http://harris.com/
8;  001-269-596-5780x20662;  White, Cochran and Bush;  Mallory;  Spence;  nicoleshaw@velazquez-choi.net;  Qatar;  http://www.reed.com/
9;  (318)687-2446x736;  Vaughn-Ramirez;  Christine;  Espinoza;  lstanley@williams-bryant.net;  Senegal;  https://www.page.biz/
10;  001-782-355-7584x555;  Hernandez, Thomas and Baird;  Kelly;  Ramirez;  nwells@yahoo.com;  Indonesia;  http://www.fox.com/
11;  1365985048;  Porter, Rose and Diaz;  Rick;  White;  rparker@hopkins.com;  Saudi Arabia;  http://gaines.com/
12;  (692)863-8994x075;  Mendoza Inc;  Jonathan;  Rodriguez;  singletonchad@gmail.com;  Vietnam;  https://kaufman-price.com/
13;  681.612.6385x491;  Ross Ltd;  Robert;  Foster;  michellekane@smith-miller.com;  Bulgaria;  http://www.edwards-mccarthy.net/
14;  (381)251-2926x323;  Brennan, Crosby and Campbell;  Colleen;  Maddox;  barbarapeterson@gmail.com;  Somalia;  https://pugh.org/
15;  +1-676-166-4721x60676;  Scott Inc;  Denise;  Butler;  kevin32@hotmail.com;  Bolivia;  https://holder.com/
16;  001-119-307-2239x452;  Green, Allen and Carlson;  Richard;  Jackson;  bridgestodd@johnson-johnson.com;  Kenya;  http://www.bartlett.com/
17;  001-473-815-4002x0999;  Jones PLC;  Jason;  Ramirez;  jbrown@schwartz.net;  Guinea;  https://wilson.com/
18;  +1-023-458-1723x8835;  Gonzalez-Morgan;  George;  Myers;  keithandrea@gmail.com;  Canada;  http://www.zuniga.com/
19;  243-042-0016x7476;  Orr, Smith and Smith;  Bryan;  Carey;  melanie19@wagner.com;  Cyprus;  https://www.adams-bradford.com/
20;  (710)223-8673x5896;  Valdez and Sons;  Amy;  Lamb;  glennmathis@porter-ballard.com;  Brunei Darussalam;  http://carpenter.com/
21;  (264)204-3358x26493;  Roberts Group;  Logan;  Johnson;  cphelps@hotmail.com;  Guam;  http://adams.info/
22;  4085070476;  Gardner-Gibson;  Beth;  Jones;  lisawalter@vasquez-gross.net;  French Southern Territories;  http://matthews.com/
23;  +1-154-392-4567x7373;  Morales, White and Young;  Robin;  Clayton;  oconnorrobert@hill-thomas.info;  Malta;  http://www.harris.com/
24;  (732)016-6908;  Garcia, Lee and Anderson;  Cynthia;  Sullivan;  anthonypearson@gmail.com;  Svalbard & Jan Mayen Islands;  http://www.roberson-marshall.com/
25;  (568)439-0299x86176;  Harvey, Moore and Smith;  Victoria;  Pierce;  katrina28@yahoo.com;  Colombia;  https://www.mills.info/
26;  (235)990-8467;  Shea, Pugh and Ward;  Lisa;  Thornton;  kaylee63@martin.com;  Micronesia;  https://riley.com/
27;  2567819197;  Myers LLC;  Amy;  White;  ucampbell@gmail.com;  Zambia;  https://rodriguez.com/
28;  339-626-0521x179;  Mendoza PLC;  Nicole;  Johnson;  ecombs@jones.net;  Korea;  http://www.green-acosta.com/
29;  (024)755-2400x8387;  Fernandez Ltd;  Jason;  Wiggins;  paulhayes@johnson-barry.net;  Armenia;  http://www.martin.info/
30;  629-232-3237;  Simpson Ltd;  Devin;  Joseph;  qlopez@yahoo.com;  Saint Kitts and Nevis;  http://hernandez.com/
31;  (998)028-4972x3923;  Hayden Group;  Tracy;  Dillon;  joel76@hotmail.com;  Switzerland;  https://www.jefferson.com/
32;  897-684-5997;  Ramirez-Simmons;  Karen;  Cole;  osavage@chase-pittman.com;  New Zealand;  http://www.short-orozco.com/
33;  882-885-7297;  Decker PLC;  Troy;  Ramirez;  joanne41@hotmail.com;  Jersey;  https://martin.biz/
34;  167.774.6826x796;  Schaefer Inc;  Craig;  Brady;  aaronsmith@wright.com;  Kiribati;  http://www.holmes.info/
35;  (734)875-4473x633;  Johnson, Goodwin and Holmes;  Yvonne;  Cook;  dennis29@davenport-scott.biz;  Bolivia;  https://www.noble.org/
36;  (505)091-5121x26559;  Johnson-Mason;  Michele;  Burns;  ocraig@schmidt.info;  Benin;  http://villarreal.info/
37;  +1-216-073-9480x05666;  Hill, Norris and Richardson;  David;  Thornton;  seth09@mcdonald.com;  Saint Lucia;  https://www.flores.com/
38;  001-423-091-4098x29115;  Walsh Inc;  Amber;  Williams;  yferguson@yahoo.com;  Chad;  https://www.smith.net/
39;  761-888-6551x7727;  Rogers-Diaz;  Kendra;  Green;  bentleygerald@yahoo.com;  Poland;  http://www.peters-mcclure.com/
40;  +1-185-269-5169x418;  Harris PLC;  Valerie;  Powers;  moorebarbara@mcdonald-smith.com;  Gabon;  http://www.mclaughlin-paul.com/
41;  +1-981-516-0413;  Luna-Mcclain;  James;  Conley;  kimberly52@barnes.com;  Canada;  https://www.thomas-mack.biz/
42;  +1-290-542-8429x715;  Mccoy-Wilson;  Jodi;  Thomas;  matthew88@yahoo.com;  Bhutan;  https://ramirez.biz/
43;  997-304-9137x906;  Walker-Osborne;  Linda;  Gill;  thomasjones@gmail.com;  Kyrgyz Republic;  https://johnson.com/
44;  (040)132-9973;  Lynch LLC;  Jeanne;  Merritt;  scott15@lewis-williams.com;  Guadeloupe;  http://www.crawford-herring.net/
45;  +1-411-612-5901x876;  Patterson-Mitchell;  Ashley;  Potts;  swatson@prince.info;  Comoros;  http://baker.info/
46;  5165801705;  Wilkinson-Dean;  Mark;  Buchanan;  patrick07@gmail.com;  South Africa;  http://www.martin.com/
47;  948-534-3857x114;  Booth, Grant and Stevens;  Tammy;  Elliott;  jasoncantu@clark.info;  Yemen;  http://www.miller-parks.com/
48;  233-446-4979x3100;  Sanchez, Ware and Reeves;  Jose;  Curtis;  igreene@higgins-rodriguez.com;  Lebanon;  http://www.leon.com/
49;  +1-906-451-7507x244;  Wilson-Parker;  John;  Stafford;  bryanhester@salazar-knight.biz;  Slovakia (Slovak Republic);  http://evans.com/
50;  493.105.6547x1997;  Brooks-Morgan;  Jessica;  Lawson;  matthew99@joseph.info;  Italy;  https://www.wright.com/
51;  001-137-463-2869;  Benson, Miller and Valentine;  Erin;  Bass;  sonyabenson@kelly.com;  Saint Barthelemy;  https://www.woodward.info/
52;  001-473-041-2024x94996;  Romero-Berry;  Evan;  Jones;  briggsronald@williams.net;  United States Minor Outlying Islands;  https://www.patrick.com/
53;  001-747-520-7641x92345;  Serrano, Brown and Wu;  Crystal;  Green;  aprilcobb@freeman.com;  Dominica;  http://ali.com/
54;  (563)887-3667;  Hunter-Martinez;  Tonya;  Adams;  fieldsshelby@yahoo.com;  British Indian Ocean Territory (Chagos Archipelago);  http://www.garcia.org/
55;  001-420-092-1230x68440;  Thompson-Juarez;  Adam;  Smith;  cruzkimberly@smith-kelly.info;  Liechtenstein;  https://www.hernandez-irwin.com/
56;  +1-482-430-6285;  Berry Group;  Andrew;  Smith;  skeller@mcclain-pitts.com;  Nepal;  http://www.blackburn.com/
57;  735.167.9797;  Walsh, Stephenson and Jordan;  Amy;  Taylor;  ryan52@cole.com;  Libyan Arab Jamahiriya;  http://www.taylor.biz/
58;  +1-061-827-8299x211;  Waller, King and Ingram;  Rodney;  Hill;  vjefferson@yahoo.com;  Puerto Rico;  http://delgado.com/
59;  001-702-390-6206;  Patel PLC;  Elijah;  Stewart;  ashley60@hotmail.com;  Angola;  http://wright.com/
60;  (456)040-0055x9615;  Johnson LLC;  Margaret;  Deleon;  alexanderharvey@davis.net;  Ethiopia;  https://www.griffin.biz/
61;  363.379.5835x286;  Nunez Group;  William;  Cunningham;  cooperselena@bailey-osborne.com;  Morocco;  http://www.green-woods.info/
62;  +1-327-906-5935x3004;  Taylor, Miles and Sullivan;  Joel;  Mack;  jillian47@harrington-wilkins.com;  United States Virgin Islands;  https://www.castro.org/
63;  +1-554-648-9332x72349;  Webb Group;  Dawn;  Davis;  bbrown@gaines-joseph.com;  Equatorial Guinea;  http://carroll-hess.info/
64;  704-645-7968x06637;  Robinson Group;  Melinda;  Joseph;  garnerluke@hotmail.com;  Kenya;  http://www.reynolds-chang.com/
65;  001-946-994-7126;  Alexander Group;  Michael;  Lee;  scott82@gmail.com;  Cuba;  https://dixon.net/
66;  510-936-7420x042;  Potter-Carter;  Jimmy;  Davila;  cfranklin@gmail.com;  Netherlands;  https://miller-johnson.com/
67;  641.470.6867x9340;  Vega Ltd;  Pamela;  Ryan;  nrobinson@davis.com;  Finland;  http://www.holloway.com/
68;  +1-197-604-6334x5807;  Smith LLC;  Cameron;  Stewart;  rphillips@yahoo.com;  Sri Lanka;  http://www.cardenas-cox.org/
69;  968-500-3640x79485;  Dixon, Faulkner and Goodwin;  Joseph;  Bennett;  westmichael@contreras.com;  Botswana;  https://www.cox.net/
70;  368.005.3694x51502;  Jacobs Ltd;  Lisa;  Castillo;  bentonchristopher@bishop.biz;  Estonia;  https://garza-wolfe.biz/
71;  001-769-843-9934x383;  Reed, Singleton and Chapman;  Bradley;  Lopez;  hubbardholly@gmail.com;  British Virgin Islands;  http://www.clements-robinson.org/
72;  001-656-794-2059x082;  Glass, Campbell and Washington;  Donald;  Sanchez;  joshua84@ibarra.com;  Tajikistan;  http://www.harris-villarreal.com/
73;  541-005-5951;  Nguyen LLC;  Brandon;  Morrison;  mitchellbrittany@duke.biz;  Mongolia;  http://www.romero.com/
74;  426-524-3684;  Beck Ltd;  Melissa;  Mcdonald;  milleramy@gmail.com;  Bahrain;  https://henson.biz/
75;  +1-288-724-6807x5400;  Jacobson-Thompson;  Jennifer;  Mccann;  hannah80@davis.com;  Togo;  http://morris-price.info/
76;  229.196.2293;  Knight LLC;  Brian;  Allen;  christophercook@yahoo.com;  Mali;  http://www.spears.biz/
77;  027-704-6756x6932;  Johnson Group;  Rachel;  Contreras;  jennifer66@cox-schmidt.com;  Iraq;  https://patel.com/
78;  +1-307-668-4964;  Jenkins, Vega and Rivas;  Daniel;  Black;  thomasjohnson@thompson.info;  Singapore;  http://www.brewer.com/
79;  001-017-046-8652;  Martinez Group;  Alexander;  Santiago;  lnoble@gmail.com;  Saint Kitts and Nevis;  http://reed.com/
80;  139-510-5430;  Stewart Ltd;  Isaac;  Clark;  xlarson@yahoo.com;  Iceland;  https://hinton.com/
81;  001-357-395-8381x9547;  Jennings and Sons;  Lauren;  Faulkner;  rebecca49@adams.net;  Cyprus;  http://murphy.net/
82;  001-584-326-7172x9640;  Lewis-Espinoza;  Ashley;  Silva;  sullivanbrian@hotmail.com;  Netherlands;  https://www.robbins.com/
83;  001-746-085-8225x9364;  Howard and Sons;  Jessica;  Graves;  alexanderespinoza@gmail.com;  Bosnia and Herzegovina;  https://www.garrett.com/
84;  (690)257-9513;  Robertson LLC;  Jose;  Moore;  pevans@ferrell.com;  Turkmenistan;  https://www.hughes-thomas.com/
85;  032.595.1833x9307;  Kelley Inc;  Joseph;  West;  jennifer22@pratt.com;  Cambodia;  http://carlson.info/
86;  +1-715-312-8684;  Rodriguez-Campbell;  Thomas;  Jones;  mendozarebecca@perry.info;  Holy See (Vatican City State);  http://daniels-rivera.com/
87;  7355674693;  Brown and Sons;  Richard;  Sanchez;  flucas@gmail.com;  Zambia;  http://perez.com/
88;  +1-987-718-3272x2961;  Ferguson and Sons;  Pam;  Rice;  patriciahensley@sparks.info;  Qatar;  http://www.green.com/
89;  187-327-3956x24095;  Stevens-Maldonado;  Derrick;  Vincent;  catherineclements@weaver.com;  Vanuatu;  https://www.snyder-hughes.biz/
90;  001-281-597-3905x1591;  Rhodes Ltd;  James;  Boyer;  wdeleon@yahoo.com;  French Guiana;  https://garcia.info/
91;  172.978.2858;  Rangel-Pope;  Erin;  Spence;  stephen83@lewis-rodriguez.org;  United States Minor Outlying Islands;  https://www.larson.com/
92;  +1-287-439-5099;  Trevino-Vasquez;  Brian;  Coleman;  ramirezbrandi@gmail.com;  Argentina;  https://ferrell.com/
93;  (414)253-0727x01394;  Gregory Ltd;  Brad;  Hawkins;  nanderson@lambert.org;  Czech Republic;  https://www.goodman.com/
94;  751.634.3600x989;  Cuevas LLC;  Christian;  Brown;  jermaine14@hotmail.com;  Finland;  https://ward-turner.com/
95;  001-280-042-1785;  Floyd-Peterson;  Ashley;  Roberts;  zavalajennifer@gutierrez.com;  Uganda;  http://olson.info/
96;  (848)053-0991x70958;  Palmer PLC;  James;  Vang;  jonescarmen@weaver.info;  Anguilla;  http://www.dunn.org/
97;  971.073.6032;  Howell-Ali;  Joan;  Johnson;  jacobsmith@yahoo.com;  Bhutan;  https://www.henry-nicholson.com/
98;  (610)057-2703x68335;  Lloyd, Turner and Ware;  John;  Robertson;  bentleylauren@yahoo.com;  Iraq;  http://ball.com/
99;  +1-652-106-2332x71782;  Rice Ltd;  Barbara;  Anderson;  perezbradley@hotmail.com;  Malawi;  https://www.cooper-williams.com/
100;  335-347-3238;  Vazquez-Rojas;  Elaine;  Knapp;  ggordon@gmail.com;  Chile;  http://lynch-robinson.com/
101;  (753)534-0989;  Wright, Brennan and Andrade;  Raymond;  Hayes;  thomas64@yahoo.com;  Qatar;  https://mcgee.biz/
102;  001-791-928-1572x359;  Castro-Thomas;  Robert;  Turner;  blackkylie@gmail.com;  Paraguay;  http://www.mccoy.info/
103;  651.189.5665x16333;  Coleman, White and Russell;  John;  Gray;  roger95@hotmail.com;  Svalbard & Jan Mayen Islands;  https://www.fitzpatrick-ramirez.com/
104;  763-708-3064;  Pearson, Mitchell and Lewis;  Scott;  Schmitt;  robert09@hotmail.com;  Benin;  http://ramirez-cabrera.com/
105;  909.331.2786;  Lin, Lane and Crawford;  Kristopher;  Lynch;  weberdebra@yahoo.com;  Vanuatu;  https://www.brown.biz/
106;  421.266.9166x8353;  Williams-Barajas;  Ashley;  Bartlett;  allison29@ruiz-young.com;  Senegal;  https://www.lopez-harper.com/
107;  536.649.8058x95870;  Foster-Brooks;  Stephanie;  Keith;  orodriguez@taylor.info;  Anguilla;  http://reese.biz/
108;  349.003.6583x559;  Bailey and Sons;  Pamela;  Juarez;  joshuathompson@hotmail.com;  Angola;  https://www.mendez.com/
109;  120.199.9120x4678;  Newman, Davis and Butler;  Nicole;  Porter;  johnobrien@benton-harper.net;  New Caledonia;  http://smith-smith.info/
110;  +1-050-319-4711x6784;  Nunez, Galloway and Bernard;  Jane;  Fuentes;  brianna74@pham.com;  Papua New Guinea;  http://www.james.biz/
111;  820.255.2235x333;  Brown-Price;  Margaret;  Perkins;  jonesbrandi@reyes-cochran.com;  Suriname;  http://hardin.com/
112;  821-741-5816;  Patterson-Moore;  Zoe;  Maxwell;  xherrera@yahoo.com;  Korea;  http://www.pope-paul.com/
113;  169-607-2409x0269;  Baker PLC;  Ricky;  Young;  leonardmonica@gmail.com;  Bhutan;  https://diaz-wilson.com/
114;  872-482-4529;  Jones LLC;  Amy;  Leonard;  gallagherangela@gmail.com;  Ethiopia;  https://www.crawford-knight.com/
115;  723-344-0381x9495;  Mitchell, Thompson and Phillips;  Jessica;  Kidd;  priscillacampbell@yahoo.com;  Korea;  http://crane.com/
116;  (024)486-2825;  Medina PLC;  Robert;  Nelson;  loriflores@cruz-fields.biz;  Mayotte;  https://malone.net/
117;  309.637.1135;  Fischer Group;  Robert;  Bowen;  ovazquez@hunt.info;  Bhutan;  https://diaz.biz/
118;  9730668544;  Todd, Garcia and Hill;  Philip;  Griffin;  karenrodriguez@gmail.com;  Israel;  http://www.bowman.com/
119;  833.262.2431x243;  Faulkner LLC;  Gabriel;  White;  john25@yahoo.com;  Swaziland;  https://www.erickson-brown.com/
120;  (450)719-9163x171;  Jones-Spencer;  Brad;  Armstrong;  daniel92@gmail.com;  Faroe Islands;  http://cobb-rogers.com/
121;  564-685-6325x7793;  Hamilton PLC;  Michael;  Smith;  robertadams@anderson.net;  Niue;  https://fitzgerald-jenkins.com/
122;  001-909-248-5031x617;  Lopez, Stanton and Jones;  Terri;  Crawford;  zvalenzuela@gmail.com;  Colombia;  http://www.williams.org/
123;  (807)800-3576;  Martinez-Cooper;  Katherine;  Deleon;  ugarcia@george.org;  Korea;  http://www.carter.com/
124;  162.420.0922x2871;  Walters Inc;  Christine;  Garcia;  warren68@hotmail.com;  Tajikistan;  http://www.mitchell-thompson.biz/
125;  985-801-7959x60724;  Smith-Stanley;  Andrea;  Dawson;  wrussell@murphy-webb.org;  Lithuania;  https://johnson.com/
126;  (361)706-7516x02675;  Robinson PLC;  Jacqueline;  Baker;  nathan66@gmail.com;  Austria;  http://www.chang.biz/
127;  1981292646;  Sloan and Sons;  Phillip;  Lee;  shood@benton.com;  Azerbaijan;  https://guerrero.info/
128;  247.456.1892x48659;  Davenport-Soto;  Tyler;  Bowman;  michele57@hotmail.com;  Botswana;  https://www.molina-collins.com/
129;  146-748-0201x691;  Gillespie, Best and Lopez;  Jesse;  Edwards;  ashleymcclain@gmail.com;  Maldives;  http://www.hughes.com/
130;  5933878315;  Kaiser and Sons;  John;  Mullins;  derrickruiz@perez.org;  Botswana;  https://www.peterson.com/
131;  +1-891-878-8329;  Martinez-Terry;  Nicholas;  Rosario;  mckayteresa@gmail.com;  India;  https://www.stark.com/
132;  (311)679-3133x0597;  Preston LLC;  Micheal;  Dixon;  garciaamber@yahoo.com;  Madagascar;  http://www.mckenzie.com/
133;  4892427033;  Mccarty-Davis;  Benjamin;  Schwartz;  conleyzachary@silva.com;  Panama;  http://cabrera.com/
134;  8654092534;  Webb, Coleman and Durham;  Melissa;  Moreno;  fmcdaniel@gmail.com;  Swaziland;  http://www.love-brown.org/
135;  +1-071-114-1651x399;  White-Mendoza;  Dustin;  Bullock;  castillosarah@jones-romero.com;  Faroe Islands;  https://www.massey.com/
136;  6347203723;  Smith-Palmer;  Renee;  Snow;  martintodd@hotmail.com;  Maldives;  http://www.bishop.com/
137;  001-079-119-5842x291;  Smith PLC;  Ricardo;  Smith;  stevenskinner@gmail.com;  Sri Lanka;  https://www.simmons.org/
138;  +1-868-713-3306x355;  Turner-Brown;  Kevin;  Johnson;  laurahoward@smith.com;  Congo;  http://juarez-matthews.com/
139;  +1-950-480-1175;  Gonzalez, Thompson and Wilson;  Jo;  Richardson;  nataliecalhoun@hotmail.com;  Anguilla;  https://www.bates.biz/
140;  +1-085-155-2355x664;  Anderson, Montgomery and Hoover;  Robert;  Taylor;  karenpatton@yahoo.com;  Puerto Rico;  https://wise-thomas.com/
141;  001-738-841-2670x5099;  Medina and Sons;  Robert;  Torres;  lisa12@rivers.com;  Korea;  https://robinson.org/
142;  8343813803;  Rasmussen PLC;  Kathryn;  Thomas;  dawntaylor@lamb-bailey.net;  Malta;  http://www.hart.net/
143;  (167)928-2932x308;  Miller-Jennings;  Brooke;  Carrillo;  alexanderjohn@riley.org;  Luxembourg;  https://www.kelly-cole.com/
144;  943.850.5491x11617;  Anderson Group;  Raymond;  Villegas;  nware@yahoo.com;  Indonesia;  https://reyes-guerra.com/
145;  926-918-0956x5215;  King-Hicks;  Heather;  Rose;  shannonmaddox@franklin-romero.com;  Paraguay;  https://www.peterson.com/
146;  001-228-671-3726;  Johnson LLC;  Lori;  Santiago;  thomasjoseph@brooks.com;  Burkina Faso;  https://mcclure.com/
147;  4574970143;  Burns PLC;  Amber;  Nolan;  greenjoseph@greene.com;  Vanuatu;  https://www.trujillo.com/
148;  (098)404-8401x8582;  Chavez Inc;  Virginia;  Morales;  douglasjones@miller.com;  Malawi;  https://www.acosta-stafford.com/
149;  +1-179-122-7908x087;  Mullins, Weaver and Benitez;  Mary;  Newton;  afoster@hotmail.com;  Benin;  https://www.stewart.net/
150;  +1-440-711-2888x5392;  Clark Inc;  Kelsey;  Saunders;  villarrealsandra@yahoo.com;  Israel;  https://ramsey.com/
151;  (592)966-7837x457;  Sharp PLC;  Gregory;  Kirk;  moniqueoneal@goodwin.com;  Tuvalu;  http://www.hernandez-griffin.com/
152;  +1-227-514-8779x335;  Higgins, Escobar and Pittman;  Edward;  Stark;  sullivanana@mcdaniel.com;  Paraguay;  https://fisher-leon.net/
153;  001-448-233-0946x086;  Holland, Brennan and Alvarado;  Heather;  Yoder;  john91@hotmail.com;  Benin;  https://www.rangel.com/
154;  (860)714-8392x7266;  Douglas, Taylor and Hughes;  Shannon;  George;  nkim@gmail.com;  United States Virgin Islands;  https://www.mejia.org/
155;  411-890-6064;  Campbell, Sawyer and Butler;  Jim;  Turner;  scott68@hotmail.com;  Niue;  https://www.jones-price.com/
156;  (280)115-4330x548;  English, Meadows and Scott;  Shawn;  Miller;  wneal@graham.com;  Guam;  http://www.torres.com/
157;  843.913.4338x70600;  Clay, Gonzales and Macias;  Shawn;  Griffin;  patrickcoleman@hotmail.com;  Azerbaijan;  http://www.peterson.biz/
158;  (252)140-9990x23355;  Larsen LLC;  Melissa;  Shaw;  nthornton@yahoo.com;  Uruguay;  http://cherry.com/
159;  207-418-4766;  Branch-Davis;  Tammy;  Cummings;  mholland@mora.com;  Uganda;  http://www.harrington-herrera.com/
160;  4779447276;  Hurley-Hansen;  Christopher;  Hunt;  rbowers@gmail.com;  Haiti;  http://www.thomas.biz/
161;  001-689-748-5288;  Griffin-Miller;  Wanda;  Cooper;  diane82@yahoo.com;  Grenada;  http://www.long-lewis.com/
162;  941-366-0673x355;  Jones and Sons;  Stacy;  Sanchez;  collinsmichael@herring.com;  Sri Lanka;  https://www.beltran.com/
163;  (641)668-7371x461;  Guzman-Peters;  Erik;  Richard;  russelljessica@cardenas.com;  Angola;  http://franklin-johnson.biz/
164;  533-759-4271x4630;  Frey-Guerrero;  Jeffery;  Diaz;  mark67@gmail.com;  Cocos (Keeling) Islands;  https://www.romero.com/
165;  (260)710-1241;  Campbell Ltd;  Elizabeth;  Gonzalez;  williecollins@yahoo.com;  Namibia;  https://www.patel.com/
166;  (103)757-3251x04839;  Schneider-Stanley;  Laura;  Prince;  navarroallison@gmail.com;  San Marino;  https://hebert.info/
167;  388.428.1133x155;  Ward LLC;  Donald;  Smith;  latoya37@edwards.org;  Anguilla;  http://www.hernandez-lewis.com/
168;  366-260-8310x860;  Kelly, Munoz and Butler;  Brian;  Hughes;  jacksonsonia@allen.com;  Svalbard & Jan Mayen Islands;  http://miles-mclaughlin.com/
169;  247-011-9366;  Bonilla-Brown;  Dawn;  Glover;  michaelwhite@yahoo.com;  Slovakia (Slovak Republic);  http://singleton.com/
170;  001-744-868-5389x88433;  Sloan-Crawford;  Terri;  James;  schaeferkim@ortiz.org;  Madagascar;  http://www.hernandez.info/
171;  001-952-424-7491;  Page, Wong and Arnold;  Nancy;  Bell;  zklein@yahoo.com;  Malawi;  http://phillips.com/
172;  (941)134-1681;  Salazar Inc;  Maria;  Flores;  marcusluna@gmail.com;  Palau;  http://barnett.com/
173;  +1-464-636-0243x6791;  Robertson-Hodge;  Jennifer;  Welch;  eric24@hotmail.com;  French Polynesia;  http://chung.net/
174;  001-010-099-3448x880;  Freeman, Parker and Morales;  Alexis;  Jackson;  johngiles@gmail.com;  Cote d'Ivoire;  https://www.strickland-conner.net/
175;  3513103805;  Chen PLC;  Jason;  Turner;  patricia38@gmail.com;  Congo;  https://fitzgerald.info/
176;  393-403-7797x866;  Ruiz, Rodriguez and Morris;  Stacey;  Harris;  jill87@gmail.com;  Bermuda;  https://www.mejia.com/
177;  031-885-5430x936;  Coleman and Sons;  Megan;  Walters;  milleralexander@dickerson.biz;  Cook Islands;  https://www.king.com/
178;  037-454-6449;  Escobar and Sons;  Crystal;  Baker;  stevenmeza@thompson-allen.com;  Wallis and Futuna;  https://www.brown.info/
179;  385.704.4687;  Vaughn, Lopez and Merritt;  Andrew;  Conley;  thomasveronica@white.com;  Svalbard & Jan Mayen Islands;  http://www.murphy.biz/
180;  694-120-7285x21727;  Lopez-West;  Adam;  Noble;  jennabates@williams-simpson.net;  Dominica;  https://www.moss.com/
181;  001-655-985-1952x9754;  Crawford PLC;  Christopher;  Myers;  seancombs@beard.com;  Iran;  http://mendez.org/
182;  +1-804-135-5212x505;  Perez-Sullivan;  Dominique;  Williams;  dparker@rice-smith.net;  Jordan;  https://www.guzman.net/
183;  5058260260;  Wright and Sons;  Robert;  Black;  cthompson@peterson.info;  Jersey;  http://glenn-watson.com/
184;  280.878.1123;  Figueroa Inc;  Mary;  Williams;  timothy94@yahoo.com;  Norfolk Island;  http://www.brown.com/
185;  597.444.4935;  Price, Vargas and Perez;  Samantha;  Lopez;  teresasmith@yahoo.com;  French Guiana;  https://www.gardner.org/
186;  387.507.2514;  Braun-Hoffman;  Jeff;  Nicholson;  ellisclinton@hotmail.com;  Andorra;  http://www.johnson.com/
187;  001-154-566-7852x187;  Harris LLC;  Andrea;  Moore;  deborahgreer@murphy.com;  Tajikistan;  http://www.cooper.net/
188;  737-713-9251x877;  Perez Ltd;  Karen;  Mcdonald;  david45@hotmail.com;  United Kingdom;  http://www.martinez.com/
189;  8106404119;  Rose-Lopez;  Erik;  Hughes;  meganwright@james-murray.com;  Svalbard & Jan Mayen Islands;  https://cummings.net/
190;  001-874-346-6755;  Pruitt PLC;  Mark;  Wilson;  michelle69@kelley.com;  Greenland;  https://oconnor-jackson.info/
191;  0799073694;  Casey-Dorsey;  Heather;  Hines;  gcalderon@grant.net;  Liechtenstein;  https://sims.biz/
192;  161.456.4446x4724;  Harris-Hurst;  Debra;  Gay;  pallen@livingston.com;  Switzerland;  https://www.terrell.biz/
193;  (058)451-6767;  Todd Group;  Megan;  Rivera;  smithshelley@yahoo.com;  Moldova;  https://www.parker.org/
194;  (166)643-3384x3518;  Payne, Wood and Taylor;  Gina;  Reilly;  andrew60@hotmail.com;  Vietnam;  https://www.jones-hill.com/
195;  (914)342-9302;  Parks, Davis and Calhoun;  John;  Nelson;  christopherherrera@wilson-grant.biz;  Belgium;  https://www.jones-duffy.info/
196;  (487)205-3201x214;  Barton-Ward;  David;  Medina;  sarahblack@gmail.com;  Holy See (Vatican City State);  http://www.weaver.com/
197;  077-537-3167x65591;  Contreras-Stone;  Monique;  Bowen;  robinpowell@porter.com;  Saint Lucia;  https://www.ruiz.com/
198;  (307)812-1156;  Ramirez, Riley and Rivas;  David;  Wilson;  wphillips@yahoo.com;  Swaziland;  http://daniels.com/
199;  (430)406-6188;  Jacobs Inc;  Amy;  Williams;  anthonyacosta@yahoo.com;  Egypt;  https://www.arnold.net/
200;  +1-421-444-0247;  Thomas LLC;  John;  Williams;  echavez@lopez.com;  Japan;  https://www.turner.com/
201;  731.845.6257;  Johnson and Sons;  Janet;  Beck;  brandon09@yahoo.com;  Faroe Islands;  https://www.strickland.com/
202;  001-721-555-5573;  Jimenez, Smith and Clark;  Joshua;  Stanley;  cartermolly@yahoo.com;  Morocco;  http://hickman.biz/
203;  (158)440-2047;  Thompson-Fry;  Rebecca;  Cunningham;  martinjudy@stewart.com;  Heard Island and McDonald Islands;  https://harmon.com/
204;  (158)264-0139;  Wright, King and Clark;  Brian;  Hinton;  marygibson@herrera.com;  Guinea;  https://baker.com/
205;  001-883-014-1912x7459;  Bradshaw-Rogers;  Eric;  Bird;  xsmith@carter-hayes.com;  Tokelau;  http://www.howard-adams.com/
206;  (993)329-4473x20609;  Perkins, Harris and Gardner;  Timothy;  Bell;  james64@gmail.com;  Wallis and Futuna;  https://solis.com/
207;  +1-290-714-5623x9248;  Lee-Smith;  Matthew;  Moses;  anthony67@taylor-caldwell.com;  Taiwan;  http://www.hill.com/
208;  (731)515-2001;  Lopez-Everett;  Donna;  Shaw;  urodriguez@fisher-patrick.biz;  Botswana;  http://moore-wheeler.com/
209;  0477460580;  Pennington-Hogan;  Lee;  Ayers;  brian43@carr.com;  Cape Verde;  http://www.miller.com/
210;  608.198.8115x2072;  Hawkins LLC;  Daniel;  Blanchard;  adam84@deleon.com;  El Salvador;  http://campbell.net/
211;  +1-948-538-7422x76039;  Rowe, Hooper and Jones;  Ashley;  Coleman;  heidiwalsh@hotmail.com;  Saint Vincent and the Grenadines;  https://mcgee.biz/
212;  759.707.6348;  Rojas-Hall;  Charles;  Robertson;  courtney58@ross-reynolds.com;  Haiti;  https://thompson-norris.org/
213;  +1-112-966-2121x933;  Carpenter, Jones and Randolph;  Matthew;  Jones;  cathy07@aguilar-ball.info;  Thailand;  http://hernandez.com/
214;  077-460-7646x029;  Hansen Group;  Michael;  Johnston;  mcarlson@cabrera.info;  Haiti;  http://www.johnson.com/
215;  4229201589;  Long-Fletcher;  Joseph;  Robinson;  patriciaaustin@yahoo.com;  Armenia;  http://www.dawson-johnson.biz/
216;  610.114.1621x949;  Velasquez, Palmer and Acosta;  Anne;  Beasley;  newmanjocelyn@gmail.com;  Saint Pierre and Miquelon;  http://www.strickland-chapman.net/
217;  051-062-4601;  Day Inc;  Donald;  Parks;  brooksrhonda@hotmail.com;  Jersey;  https://garza.com/
218;  (043)083-8249x205;  Buck-Tran;  Marissa;  Pope;  richard87@yahoo.com;  Moldova;  https://www.anderson-ferguson.com/
219;  212.919.3281x6152;  Lee-Braun;  Stacy;  Brown;  vsutton@williams.com;  India;  http://www.nguyen.com/
220;  858-562-1395x38133;  Hill and Sons;  Michelle;  Boyd;  colemark@hotmail.com;  New Caledonia;  https://www.rodriguez-jensen.com/
221;  964-099-3649x4007;  Hartman, Fischer and Carson;  Lawrence;  Myers;  xglenn@bauer.biz;  Montserrat;  http://www.ramos-martin.biz/
222;  001-013-949-4209;  Avery, Hall and Oconnor;  Jessica;  Cole;  burtonteresa@gmail.com;  Denmark;  https://www.french-farrell.com/
223;  929-036-8241x132;  Osborne, Morales and Jones;  Sara;  Myers;  michaelhernandez@gmail.com;  Germany;  https://jones.info/
224;  (646)352-7798x4358;  Savage-Morrison;  Annette;  Thompson;  margaretrangel@gmail.com;  Nepal;  https://www.jones.com/
225;  460.074.1465x3561;  Maynard, Brown and Morales;  Michael;  Vargas;  lgomez@hotmail.com;  French Polynesia;  http://www.brown.com/
226;  138.234.5051x001;  Lyons-Moreno;  Amanda;  Smith;  peterkim@dunn-harvey.org;  United Arab Emirates;  http://www.pratt.com/
227;  914.824.1659;  Lee, Ross and Coleman;  Eric;  Franco;  paul28@cox.com;  Kyrgyz Republic;  https://ellis.com/
228;  858-241-1754x62610;  Meadows, Wade and Ramirez;  Erin;  Thompson;  rgonzalez@bond-roy.com;  Turkmenistan;  http://wilkins-taylor.com/
229;  022.818.6875;  Wilson-Martinez;  Brittany;  Jensen;  danielsims@yahoo.com;  United Kingdom;  https://williams-sparks.org/
230;  +1-899-507-2577;  French, Douglas and Shea;  Chad;  Rose;  guerrerocatherine@yahoo.com;  Armenia;  http://www.nixon.com/
231;  (622)797-6073;  Ho Inc;  Kimberly;  Davila;  gregorygarcia@gibson.com;  Bhutan;  https://www.meyer-nguyen.org/
232;  882.877.1440x895;  Banks Ltd;  Rita;  Hobbs;  cgallagher@jacobson.com;  Morocco;  http://wright.com/
233;  +1-872-693-1789x01207;  Keller and Sons;  William;  Castillo;  karenestrada@kennedy.net;  Turkey;  https://www.mills.com/
234;  001-600-272-7593x86166;  Phillips Inc;  Nathan;  Thomas;  tbrown@delgado-wilson.org;  Holy See (Vatican City State);  https://www.moore.info/
235;  001-913-775-4858x19523;  Frank and Sons;  Gina;  Scott;  jhouston@yahoo.com;  Luxembourg;  https://www.anderson.biz/
236;  001-329-157-5483x66830;  Bolton, Clark and Norman;  Jennifer;  Ruiz;  philippierce@ruiz.com;  Singapore;  http://stewart.info/
237;  (382)049-2346;  Mejia-Andrews;  Adam;  Moore;  amy90@hotmail.com;  Tunisia;  https://www.becker-mason.com/
238;  532.048.3831;  Sherman-Cobb;  Christopher;  Roberts;  jessica66@smith.com;  Spain;  https://www.riley-middleton.com/
239;  494-612-6463x56829;  Aguilar Group;  Alexis;  Miller;  collinsandrew@newton.com;  Indonesia;  https://www.smith.com/
240;  334.058.6439;  Turner PLC;  Lauren;  Gonzalez;  brooksjennifer@hotmail.com;  Armenia;  https://perez.com/
241;  001.780.4153;  Martinez Ltd;  Emily;  Frazier;  fergusonchristopher@thomas-dixon.com;  Iceland;  https://www.thomas.com/
242;  329.454.9844x821;  Miller-Richardson;  Michael;  Torres;  ywashington@barker.org;  Mauritius;  http://brown.com/
243;  +1-244-222-6523x656;  Walters-Parks;  Brandon;  Robertson;  tarabruce@yahoo.com;  Kiribati;  http://www.gordon.com/
244;  (961)813-2064x3475;  Castillo, Patterson and Roman;  Stuart;  Wilson;  comptonamber@yahoo.com;  Svalbard & Jan Mayen Islands;  https://sullivan-williamson.com/
245;  (074)726-5076;  Johnson-Young;  Anthony;  Young;  brian16@welch.org;  Uzbekistan;  https://www.david-thompson.com/
246;  559-976-5377;  Hopkins LLC;  Timothy;  Hood;  igreen@moss-juarez.com;  Costa Rica;  https://www.lang.org/
247;  001-348-561-4844x8645;  Barnett-Baxter;  Christopher;  Davis;  susan24@hotmail.com;  Sudan;  https://www.sherman.com/
248;  533.774.3125x691;  Banks PLC;  Eric;  Mills;  james54@gmail.com;  Haiti;  http://chambers-rivera.com/
249;  883.727.9480x212;  West, Mitchell and Green;  Elizabeth;  Schneider;  kayla30@gmail.com;  Togo;  https://www.davis.com/
250;  5035247815;  Nichols-Hall;  Katherine;  Haynes;  ttodd@gmail.com;  Mayotte;  http://french.biz/
251;  001-381-040-5721x765;  Yang, Lopez and Palmer;  Tina;  Fowler;  escobarashley@yahoo.com;  New Caledonia;  http://mata.com/
252;  923.636.4673;  Coffey-Browning;  Bryan;  Schwartz;  newmanpaul@richardson.com;  Russian Federation;  https://anderson.net/
253;  374.664.9947;  Gilbert, Baker and David;  Scott;  Valdez;  william06@gmail.com;  Faroe Islands;  http://santos.biz/
254;  001-415-114-2861;  Adams, Rodriguez and Schmitt;  Anne;  Gutierrez;  orobinson@jones-collins.com;  Cuba;  https://www.stark.com/
255;  +1-894-042-7599x1768;  Mitchell-Wong;  Matthew;  Bowers;  mstewart@hotmail.com;  Tanzania;  https://tucker.info/
256;  412-740-6591x80628;  Bell-Mccarthy;  Kathleen;  Robles;  kaufmanmichael@hotmail.com;  Bolivia;  http://kelly.com/
257;  (577)012-0603x1701;  Smith-Garcia;  Scott;  Wilkins;  lisa72@gmail.com;  Latvia;  http://www.gilmore-anderson.com/
258;  631-219-9946x122;  Goodman Group;  Susan;  Hall;  nmorgan@fletcher.info;  Faroe Islands;  http://knapp.org/
259;  564.569.9742x10915;  Larson, Johns and Rice;  George;  Ford;  wrightthomas@simmons-miller.info;  Falkland Islands (Malvinas);  http://smith.com/
260;  087-094-8749;  White-Williams;  Robert;  Avery;  wbradley@delgado-conner.net;  Dominica;  https://davis.com/
261;  361.528.7047x7842;  Soto, Gibson and Smith;  Lori;  Roberts;  ymorris@hotmail.com;  Guinea;  https://www.weeks-lambert.com/
262;  001-695-013-9814x515;  Baker LLC;  Adrienne;  Fisher;  sara62@hess.com;  Cuba;  http://www.herrera.info/
263;  540.578.4746x781;  Taylor, Harrison and Nelson;  Michelle;  Nunez;  dbutler@armstrong-ramirez.com;  Yemen;  http://castro-joyce.org/
264;  5732887949;  Tate, Brown and Ball;  Aaron;  Roy;  stevensmith@yahoo.com;  Svalbard & Jan Mayen Islands;  https://www.crawford.biz/
265;  149.866.1882;  Jimenez LLC;  Kenneth;  Mason;  myork@hotmail.com;  Grenada;  https://www.hunter.org/
266;  +1-480-618-6080x96710;  Jones-Howell;  John;  Murray;  harmonmanuel@hotmail.com;  China;  http://rosales-middleton.com/
267;  9528173156;  Perry LLC;  Jonathan;  Baker;  dhicks@gmail.com;  Montenegro;  http://www.jackson.com/
268;  004.849.5252;  Chan and Sons;  Sarah;  Thomas;  timothy91@munoz.com;  Hungary;  http://sanchez.com/
269;  +1-028-688-3129x854;  Copeland, Wagner and Huerta;  Evan;  Rivera;  wmartinez@garcia.com;  Samoa;  https://ward-williams.com/
270;  001-631-080-0890;  Harris-Butler;  Patricia;  Garcia;  kelly10@solis.com;  United Kingdom;  https://www.smith.com/
271;  451-404-2793;  Mahoney-Hendricks;  Lisa;  Novak;  georgecarter@gmail.com;  French Guiana;  http://luna-miller.com/
272;  188.799.3267x149;  Wade Group;  Vanessa;  Wells;  qbarton@sanchez.biz;  Serbia;  https://peters.com/
273;  +1-687-549-3453x36833;  Jordan-Ruiz;  Madison;  Crawford;  sandovalsarah@baird-murphy.biz;  Madagascar;  https://anderson.com/
274;  +1-320-476-4523x58148;  Reyes, Mcgee and Henderson;  Stephanie;  Lewis;  jalexander@yahoo.com;  India;  https://www.robles.com/
275;  567-006-4058x42183;  Cooke-Richardson;  Barbara;  Campos;  ljones@yahoo.com;  Djibouti;  http://gamble-bryan.com/
276;  4633357830;  Thomas LLC;  Nathan;  Figueroa;  bwilson@hotmail.com;  Slovakia (Slovak Republic);  https://www.mitchell-young.biz/
277;  (327)903-7239;  Vincent-Rodriguez;  Michael;  Ayers;  sandra51@hotmail.com;  Iceland;  http://www.henry.com/
278;  +1-576-180-7183x6701;  Ward, Lowery and Roberts;  Sheila;  Quinn;  ramireztracy@smith.com;  Vietnam;  https://www.byrd-perez.biz/
279;  +1-441-722-7369x5930;  Newman, Washington and Allen;  Laura;  Estes;  lpowers@nelson.net;  Svalbard & Jan Mayen Islands;  http://www.mcgrath-sosa.net/
280;  227.771.5505;  Maynard Inc;  Jamie;  Riley;  michaelevans@gmail.com;  Poland;  https://vargas-ramirez.net/
281;  001-702-836-4997x49449;  Adams, Bell and Curry;  Nichole;  Snyder;  jenniferbrewer@kane.com;  New Zealand;  https://www.castaneda-cox.com/
282;  +1-732-104-1818x3309;  Pace-Meyer;  Laura;  Brooks;  nriley@smith-sanchez.com;  Ghana;  https://www.serrano-taylor.com/
283;  (661)325-2287;  Anderson Ltd;  Russell;  Underwood;  maureentownsend@wells.com;  Brazil;  http://www.gonzales.com/
284;  815.840.3880;  Vargas-Parker;  Patrick;  Davis;  morgan20@snyder.com;  Cambodia;  http://davis-king.net/
285;  555.265.3877x8904;  Johnson Ltd;  Noah;  Jones;  rmoore@harris-king.biz;  Svalbard & Jan Mayen Islands;  http://www.harper.com/
286;  008-048-0354x914;  Hill-Allen;  Jacob;  Brewer;  hcrosby@cook-west.com;  Yemen;  https://friedman.org/
287;  0573318893;  White-Hughes;  Maria;  Fox;  nicolemiller@gmail.com;  Svalbard & Jan Mayen Islands;  https://www.johnson.com/
288;  2790883782;  Young PLC;  Jacob;  Waller;  imurphy@hotmail.com;  Anguilla;  https://www.wilson-johnson.com/
289;  (862)763-8884x72032;  Newman-Reed;  Emma;  Day;  hhenry@gmail.com;  Oman;  http://johnson.com/
290;  607-880-7219x19011;  Stewart, Parsons and Ramirez;  Maurice;  Holden;  geaton@hotmail.com;  Hong Kong;  http://www.jones.com/
291;  1240933488;  Cooley, Morris and Case;  Richard;  Delacruz;  salazarmelissa@yahoo.com;  Congo;  http://www.morgan-peck.info/
292;  (476)865-2737;  Martin, Phillips and Simpson;  Peter;  Mathews;  danielkeller@mcdowell-gallagher.biz;  Romania;  http://www.harris.com/
293;  (590)797-2120x04218;  Campos, Luna and Williams;  Maureen;  Dunlap;  carolyngarcia@gmail.com;  Bahrain;  https://williams.biz/
294;  3323187349;  Lee, Smith and Brady;  Mark;  White;  robert08@anderson.com;  Burkina Faso;  http://duran-dominguez.com/
295;  001-882-064-7571x70083;  Farrell and Sons;  Alexis;  Lee;  barbara15@leblanc.com;  Niger;  https://collins-lopez.com/
296;  479.262.5168x732;  Stone, Garcia and Peterson;  Rebecca;  Brown;  dustin24@terry-small.info;  Algeria;  https://www.rogers.net/
297;  4102214485;  Shepard and Sons;  Ashley;  Mcdonald;  aknight@brewer.com;  United States Minor Outlying Islands;  http://www.vaughn-butler.org/
298;  001-362-593-9415x3776;  Russell-Luna;  Jennifer;  Greer;  cortezkathy@yahoo.com;  Svalbard & Jan Mayen Islands;  https://www.landry.com/
299;  (119)480-2181x02283;  Delgado, Davis and Robinson;  Nicole;  Miller;  martinrandy@walker.net;  Saint Vincent and the Grenadines;  http://smith-schneider.com/
300;  919-553-2889x743;  Boyd-Morgan;  Adam;  Hanson;  xmoore@rocha.com;  Paraguay;  https://www.walker-meza.com/
