24; anthonypearson@gmail.com; Svalbard & Jan Mayen Islands; http://www.roberson-marshall.com/
213; cathy07@aguilar-ball.info; Thailand; http://hernandez.com/
278; ramireztracy@smith.com; Vietnam; https://www.byrd-perez.biz/
279; lpowers@nelson.net; Svalbard & Jan Mayen Islands; http://www.mcgrath-sosa.net/
297; aknight@brewer.com; United States Minor Outlying Islands; http://www.vaughn-butler.org/
153; john91@hotmail.com; Benin; https://www.rangel.com/
262; sara62@hess.com; Cuba; http://www.herrera.info/
142; dawntaylor@lamb-bailey.net; Malta; http://www.hart.net/
131; mckayteresa@gmail.com; India; https://www.stark.com/
121; robertadams@anderson.net; Niue; https://fitzgerald-jenkins.com/
165; williecollins@yahoo.com; Namibia; https://www.patel.com/
35; dennis29@davenport-scott.biz; Bolivia; https://www.noble.org/
66; cfranklin@gmail.com; Netherlands; https://miller-johnson.com/
277; sandra51@hotmail.com; Iceland; http://www.henry.com/
229; danielsims@yahoo.com; United Kingdom; https://williams-sparks.org/
134; fmcdaniel@gmail.com; Swaziland; http://www.love-brown.org/
158; nthornton@yahoo.com; Uruguay; http://cherry.com/
211; heidiwalsh@hotmail.com; Saint Vincent and the Grenadines; https://mcgee.biz/
258; nmorgan@fletcher.info; Faroe Islands; http://knapp.org/
110; brianna74@pham.com; Papua New Guinea; http://www.james.biz/
80; xlarson@yahoo.com; Iceland; https://hinton.com/
77; jennifer66@cox-schmidt.com; Iraq; https://patel.com/
106; allison29@ruiz-young.com; Senegal; https://www.lopez-harper.com/
176; jill87@gmail.com; Bermuda; https://www.mejia.com/
86; mendozarebecca@perry.info; Holy See (Vatican City State); http://daniels-rivera.com/
261; ymorris@hotmail.com; Guinea; https://www.weeks-lambert.com/
89; catherineclements@weaver.com; Vanuatu; https://www.snyder-hughes.biz/
183; cthompson@peterson.info; Jersey; http://glenn-watson.com/
25; katrina28@yahoo.com; Colombia; https://www.mills.info/
248; james54@gmail.com; Haiti; http://chambers-rivera.com/
129; ashleymcclain@gmail.com; Maldives; http://www.hughes.com/
222; burtonteresa@gmail.com; Denmark; https://www.french-farrell.com/
39; bentleygerald@yahoo.com; Poland; http://www.peters-mcclure.com/
230; guerrerocatherine@yahoo.com; Armenia; http://www.nixon.com/
159; mholland@mora.com; Uganda; http://www.harrington-herrera.com/
194; andrew60@hotmail.com; Vietnam; https://www.jones-hill.com/
75; hannah80@davis.com; Togo; http://morris-price.info/
218; richard87@yahoo.com; Moldova; https://www.anderson-ferguson.com/
47; jasoncantu@clark.info; Yemen; http://www.miller-parks.com/
226; peterkim@dunn-harvey.org; United Arab Emirates; http://www.pratt.com/
212; courtney58@ross-reynolds.com; Haiti; https://thompson-norris.org/
186; ellisclinton@hotmail.com; Andorra; http://www.johnson.com/
95; zavalajennifer@gutierrez.com; Uganda; http://olson.info/
48; igreene@higgins-rodriguez.com; Lebanon; http://www.leon.com/
58; vjefferson@yahoo.com; Puerto Rico; http://delgado.com/
232; cgallagher@jacobson.com; Morocco; http://wright.com/
291; salazarmelissa@yahoo.com; Congo; http://www.morgan-peck.info/
27; ucampbell@gmail.com; Zambia; https://rodriguez.com/
116; loriflores@cruz-fields.biz; Mayotte; https://malone.net/
50; matthew99@joseph.info; Italy; https://www.wright.com/
216; newmanjocelyn@gmail.com; Saint Pierre and Miquelon; http://www.strickland-chapman.net/
130; derrickruiz@perez.org; Botswana; https://www.peterson.com/
294; robert08@anderson.com; Burkina Faso; http://duran-dominguez.com/
60; alexanderharvey@davis.net; Ethiopia; https://www.griffin.biz/
97; jacobsmith@yahoo.com; Bhutan; https://www.henry-nicholson.com/
252; newmanpaul@richardson.com; Russian Federation; https://anderson.net/
272; qbarton@sanchez.biz; Serbia; https://peters.com/
146; thomasjoseph@brooks.com; Burkina Faso; https://mcclure.com/
164; mark67@gmail.com; Cocos (Keeling) Islands; https://www.romero.com/
17; jbrown@schwartz.net; Guinea; https://wilson.com/
85; jennifer22@pratt.com; Cambodia; http://carlson.info/
270; kelly10@solis.com; United Kingdom; https://www.smith.com/
220; colemark@hotmail.com; New Caledonia; https://www.rodriguez-jensen.com/
300; xmoore@rocha.com; Paraguay; https://www.walker-meza.com/
111; jonesbrandi@reyes-cochran.com; Suriname; http://hardin.com/
174; johngiles@gmail.com; Cote d'Ivoire; https://www.strickland-conner.net/
136; martintodd@hotmail.com; Maldives; http://www.bishop.com/
196; sarahblack@gmail.com; Holy See (Vatican City State); http://www.weaver.com/
107; orodriguez@taylor.info; Anguilla; http://reese.biz/
283; maureentownsend@wells.com; Brazil; http://www.gonzales.com/
124; warren68@hotmail.com; Tajikistan; http://www.mitchell-thompson.biz/
263; dbutler@armstrong-ramirez.com; Yemen; http://castro-joyce.org/
90; wdeleon@yahoo.com; French Guiana; https://garcia.info/
191; gcalderon@grant.net; Liechtenstein; https://sims.biz/
163; russelljessica@cardenas.com; Angola; http://franklin-johnson.biz/
65; scott82@gmail.com; Cuba; https://dixon.net/
264; stevensmith@yahoo.com; Svalbard & Jan Mayen Islands; https://www.crawford.biz/
6; alynch@mccall.com; Saint Kitts and Nevis; http://harper.net/
256; kaufmanmichael@hotmail.com; Bolivia; http://kelly.com/
151; moniqueoneal@goodwin.com; Tuvalu; http://www.hernandez-griffin.com/
109; johnobrien@benton-harper.net; New Caledonia; http://smith-smith.info/
45; swatson@prince.info; Comoros; http://baker.info/
296; dustin24@terry-small.info; Algeria; https://www.rogers.net/
157; patrickcoleman@hotmail.com; Azerbaijan; http://www.peterson.biz/
1; torreskara@braun.com; Heard Island and McDonald Islands; http://www.miller.biz/
71; hubbardholly@gmail.com; British Virgin Islands; http://www.clements-robinson.org/
166; navarroallison@gmail.com; San Marino; https://hebert.info/
108; joshuathompson@hotmail.com; Angola; https://www.mendez.com/
38; yferguson@yahoo.com; Chad; https://www.smith.net/
227; paul28@cox.com; Kyrgyz Republic; https://ellis.com/
189; meganwright@james-murray.com; Svalbard & Jan Mayen Islands; https://cummings.net/
195; christopherherrera@wilson-grant.biz; Belgium; https://www.jones-duffy.info/
10; nwells@yahoo.com; Indonesia; http://www.fox.com/
3; ortizchristian@yahoo.com; Gibraltar; https://www.barron.com/
217; brooksrhonda@hotmail.com; Jersey; https://garza.com/
269; wmartinez@garcia.com; Samoa; https://ward-williams.com/
5; james21@stein-joseph.com; Lao People's Democratic Republic; https://www.butler.com/
51; sonyabenson@kelly.com; Saint Barthelemy; https://www.woodward.info/
210; adam84@deleon.com; El Salvador; http://campbell.net/
192; pallen@livingston.com; Switzerland; https://www.terrell.biz/
103; roger95@hotmail.com; Svalbard & Jan Mayen Islands; https://www.fitzpatrick-ramirez.com/
100; ggordon@gmail.com; Chile; http://lynch-robinson.com/
178; stevenmeza@thompson-allen.com; Wallis and Futuna; https://www.brown.info/
120; daniel92@gmail.com; Faroe Islands; http://cobb-rogers.com/
78; thomasjohnson@thompson.info; Singapore; http://www.brewer.com/
15; kevin32@hotmail.com; Bolivia; https://holder.com/
14; barbarapeterson@gmail.com; Somalia; https://pugh.org/
161; diane82@yahoo.com; Grenada; http://www.long-lewis.com/
16; bridgestodd@johnson-johnson.com; Kenya; http://www.bartlett.com/
128; michele57@hotmail.com; Botswana; https://www.molina-collins.com/
2; rodriguezryan@chapman-roberson.info; Nicaragua; http://www.anderson-miller.com/
199; anthonyacosta@yahoo.com; Egypt; https://www.arnold.net/
87; flucas@gmail.com; Zambia; http://perez.com/
31; joel76@hotmail.com; Switzerland; https://www.jefferson.com/
83; alexanderespinoza@gmail.com; Bosnia and Herzegovina; https://www.garrett.com/
293; carolyngarcia@gmail.com; Bahrain; https://williams.biz/
13; michellekane@smith-miller.com; Bulgaria; http://www.edwards-mccarthy.net/
259; wrightthomas@simmons-miller.info; Falkland Islands (Malvinas); http://smith.com/
207; anthony67@taylor-caldwell.com; Taiwan; http://www.hill.com/
114; gallagherangela@gmail.com; Ethiopia; https://www.crawford-knight.com/
9; lstanley@williams-bryant.net; Senegal; https://www.page.biz/
234; tbrown@delgado-wilson.org; Holy See (Vatican City State); https://www.moore.info/
30; qlopez@yahoo.com; Saint Kitts and Nevis; http://hernandez.com/
40; moorebarbara@mcdonald-smith.com; Gabon; http://www.mclaughlin-paul.com/
104; robert09@hotmail.com; Benin; http://ramirez-cabrera.com/
117; ovazquez@hunt.info; Bhutan; https://diaz.biz/
118; karenrodriguez@gmail.com; Israel; http://www.bowman.com/
173; eric24@hotmail.com; French Polynesia; http://chung.net/
203; martinjudy@stewart.com; Heard Island and McDonald Islands; https://harmon.com/
140; karenpatton@yahoo.com; Puerto Rico; https://wise-thomas.com/
170; schaeferkim@ortiz.org; Madagascar; http://www.hernandez.info/
244; comptonamber@yahoo.com; Svalbard & Jan Mayen Islands; https://sullivan-williamson.com/
271; georgecarter@gmail.com; French Guiana; http://luna-miller.com/
181; seancombs@beard.com; Iran; http://mendez.org/
132; garciaamber@yahoo.com; Madagascar; http://www.mckenzie.com/
187; deborahgreer@murphy.com; Tajikistan; http://www.cooper.net/
59; ashley60@hotmail.com; Angola; http://wright.com/
251; escobarashley@yahoo.com; New Caledonia; http://mata.com/
49; bryanhester@salazar-knight.biz; Slovakia (Slovak Republic); http://evans.com/
257; lisa72@gmail.com; Latvia; http://www.gilmore-anderson.com/
243; tarabruce@yahoo.com; Kiribati; http://www.gordon.com/
20; glennmathis@porter-ballard.com; Brunei Darussalam; http://carpenter.com/
179; thomasveronica@white.com; Svalbard & Jan Mayen Islands; http://www.murphy.biz/
245; brian16@welch.org; Uzbekistan; https://www.david-thompson.com/
123; ugarcia@george.org; Korea; http://www.carter.com/
28; ecombs@jones.net; Korea; http://www.green-acosta.com/
168; jacksonsonia@allen.com; Svalbard & Jan Mayen Islands; http://miles-mclaughlin.com/
22; lisawalter@vasquez-gross.net; French Southern Territories; http://matthews.com/
139; nataliecalhoun@hotmail.com; Anguilla; https://www.bates.biz/
99; perezbradley@hotmail.com; Malawi; https://www.cooper-williams.com/
144; nware@yahoo.com; Indonesia; https://reyes-guerra.com/
94; jermaine14@hotmail.com; Finland; https://ward-turner.com/
55; cruzkimberly@smith-kelly.info; Liechtenstein; https://www.hernandez-irwin.com/
180; jennabates@williams-simpson.net; Dominica; https://www.moss.com/
241; fergusonchristopher@thomas-dixon.com; Iceland; https://www.thomas.com/
73; mitchellbrittany@duke.biz; Mongolia; http://www.romero.com/
43; thomasjones@gmail.com; Kyrgyz Republic; https://johnson.com/
240; brooksjennifer@hotmail.com; Armenia; https://perez.com/
255; mstewart@hotmail.com; Tanzania; https://tucker.info/
32; osavage@chase-pittman.com; New Zealand; http://www.short-orozco.com/
155; scott68@hotmail.com; Niue; https://www.jones-price.com/
249; kayla30@gmail.com; Togo; https://www.davis.com/
4; jacksoncheryl@gmail.com; Mongolia; https://paul-hayes.com/
282; nriley@smith-sanchez.com; Ghana; https://www.serrano-taylor.com/
44; scott15@lewis-williams.com; Guadeloupe; http://www.crawford-herring.net/
280; michaelevans@gmail.com; Poland; https://vargas-ramirez.net/
70; bentonchristopher@bishop.biz; Estonia; https://garza-wolfe.biz/
92; ramirezbrandi@gmail.com; Argentina; https://ferrell.com/
41; kimberly52@barnes.com; Canada; https://www.thomas-mack.biz/
79; lnoble@gmail.com; Saint Kitts and Nevis; http://reed.com/
68; rphillips@yahoo.com; Sri Lanka; http://www.cardenas-cox.org/
42; matthew88@yahoo.com; Bhutan; https://ramirez.biz/
223; michaelhernandez@gmail.com; Germany; https://jones.info/
84; pevans@ferrell.com; Turkmenistan; https://www.hughes-thomas.com/
12; singletonchad@gmail.com; Vietnam; https://kaufman-price.com/
167; latoya37@edwards.org; Anguilla; http://www.hernandez-lewis.com/
169; michaelwhite@yahoo.com; Slovakia (Slovak Republic); http://singleton.com/
63; bbrown@gaines-joseph.com; Equatorial Guinea; http://carroll-hess.info/
26; kaylee63@martin.com; Micronesia; https://riley.com/
141; lisa12@rivers.com; Korea; https://robinson.org/
238; jessica66@smith.com; Spain; https://www.riley-middleton.com/
221; xglenn@bauer.biz; Montserrat; http://www.ramos-martin.biz/
254; orobinson@jones-collins.com; Cuba; https://www.stark.com/
274; jalexander@yahoo.com; India; https://www.robles.com/
93; nanderson@lambert.org; Czech Republic; https://www.goodman.com/
225; lgomez@hotmail.com; French Polynesia; http://www.brown.com/
33; joanne41@hotmail.com; Jersey; https://martin.biz/
233; karenestrada@kennedy.net; Turkey; https://www.mills.com/
19; melanie19@wagner.com; Cyprus; https://www.adams-bradford.com/
237; amy90@hotmail.com; Tunisia; https://www.becker-mason.com/
127; shood@benton.com; Azerbaijan; https://guerrero.info/
115; priscillacampbell@yahoo.com; Korea; http://crane.com/
88; patriciahensley@sparks.info; Qatar; http://www.green.com/
98; bentleylauren@yahoo.com; Iraq; http://ball.com/
198; wphillips@yahoo.com; Swaziland; http://daniels.com/
182; dparker@rice-smith.net; Jordan; https://www.guzman.net/
162; collinsmichael@herring.com; Sri Lanka; https://www.beltran.com/
295; barbara15@leblanc.com; Niger; https://collins-lopez.com/
36; ocraig@schmidt.info; Benin; http://villarreal.info/
125; wrussell@murphy-webb.org; Lithuania; https://johnson.com/
76; christophercook@yahoo.com; Mali; http://www.spears.biz/
290; geaton@hotmail.com; Hong Kong; http://www.jones.com/
138; laurahoward@smith.com; Congo; http://juarez-matthews.com/
286; hcrosby@cook-west.com; Yemen; https://friedman.org/
21; cphelps@hotmail.com; Guam; http://adams.info/
202; cartermolly@yahoo.com; Morocco; http://hickman.biz/
156; wneal@graham.com; Guam; http://www.torres.com/
239; collinsandrew@newton.com; Indonesia; https://www.smith.com/
246; igreen@moss-juarez.com; Costa Rica; https://www.lang.org/
46; patrick07@gmail.com; South Africa; http://www.martin.com/
247; susan24@hotmail.com; Sudan; https://www.sherman.com/
184; timothy94@yahoo.com; Norfolk Island; http://www.brown.com/
266; harmonmanuel@hotmail.com; China; http://rosales-middleton.com/
289; hhenry@gmail.com; Oman; http://johnson.com/
260; wbradley@delgado-conner.net; Dominica; https://davis.com/
23; oconnorrobert@hill-thomas.info; Malta; http://www.harris.com/
101; thomas64@yahoo.com; Qatar; https://mcgee.biz/
149; afoster@hotmail.com; Benin; https://www.stewart.net/
273; sandovalsarah@baird-murphy.biz; Madagascar; https://anderson.com/
285; rmoore@harris-king.biz; Svalbard & Jan Mayen Islands; http://www.harper.com/
231; gregorygarcia@gibson.com; Bhutan; https://www.meyer-nguyen.org/
148; douglasjones@miller.com; Malawi; https://www.acosta-stafford.com/
126; nathan66@gmail.com; Austria; http://www.chang.biz/
267; dhicks@gmail.com; Montenegro; http://www.jackson.com/
219; vsutton@williams.com; India; http://www.nguyen.com/
215; patriciaaustin@yahoo.com; Armenia; http://www.dawson-johnson.biz/
7; millersusan@gmail.com; Equatorial Guinea; http://harris.com/
185; teresasmith@yahoo.com; French Guiana; https://www.gardner.org/
102; blackkylie@gmail.com; Paraguay; http://www.mccoy.info/
135; castillosarah@jones-romero.com; Faroe Islands; https://www.massey.com/
145; shannonmaddox@franklin-romero.com; Paraguay; https://www.peterson.com/
265; myork@hotmail.com; Grenada; https://www.hunter.org/
209; brian43@carr.com; Cape Verde; http://www.miller.com/
91; stephen83@lewis-rodriguez.org; United States Minor Outlying Islands; https://www.larson.com/
105; weberdebra@yahoo.com; Vanuatu; https://www.brown.biz/
37; seth09@mcdonald.com; Saint Lucia; https://www.flores.com/
268; timothy91@munoz.com; Hungary; http://sanchez.com/
197; robinpowell@porter.com; Saint Lucia; https://www.ruiz.com/
172; marcusluna@gmail.com; Palau; http://barnett.com/
137; stevenskinner@gmail.com; Sri Lanka; https://www.simmons.org/
113; leonardmonica@gmail.com; Bhutan; https://diaz-wilson.com/
152; sullivanana@mcdaniel.com; Paraguay; https://fisher-leon.net/
190; michelle69@kelley.com; Greenland; https://oconnor-jackson.info/
74; milleramy@gmail.com; Bahrain; https://henson.biz/
292; danielkeller@mcdowell-gallagher.biz; Romania; http://www.harris.com/
133; conleyzachary@silva.com; Panama; http://cabrera.com/
214; mcarlson@cabrera.info; Haiti; http://www.johnson.com/
250; ttodd@gmail.com; Mayotte; http://french.biz/
224; margaretrangel@gmail.com; Nepal; https://www.jones.com/
188; david45@hotmail.com; United Kingdom; http://www.martinez.com/
287; nicolemiller@gmail.com; Svalbard & Jan Mayen Islands; https://www.johnson.com/
11; rparker@hopkins.com; Saudi Arabia; http://gaines.com/
72; joshua84@ibarra.com; Tajikistan; http://www.harris-villarreal.com/
122; zvalenzuela@gmail.com; Colombia; http://www.williams.org/
276; bwilson@hotmail.com; Slovakia (Slovak Republic); https://www.mitchell-young.biz/
201; brandon09@yahoo.com; Faroe Islands; https://www.strickland.com/
171; zklein@yahoo.com; Malawi; http://phillips.com/
54; fieldsshelby@yahoo.com; British Indian Ocean Territory (Chagos Archipelago); http://www.garcia.org/
119; john25@yahoo.com; Swaziland; https://www.erickson-brown.com/
150; villarrealsandra@yahoo.com; Israel; https://ramsey.com/
112; xherrera@yahoo.com; Korea; http://www.pope-paul.com/
208; urodriguez@fisher-patrick.biz; Botswana; http://moore-wheeler.com/
81; rebecca49@adams.net; Cyprus; http://murphy.net/
204; marygibson@herrera.com; Guinea; https://baker.com/
193; smithshelley@yahoo.com; Moldova; https://www.parker.org/
177; milleralexander@dickerson.biz; Cook Islands; https://www.king.com/
67; nrobinson@davis.com; Finland; http://www.holloway.com/
82; sullivanbrian@hotmail.com; Netherlands; https://www.robbins.com/
206; james64@gmail.com; Wallis and Futuna; https://solis.com/
175; patricia38@gmail.com; Congo; https://fitzgerald.info/
200; echavez@lopez.com; Japan; https://www.turner.com/
284; morgan20@snyder.com; Cambodia; http://davis-king.net/
275; ljones@yahoo.com; Djibouti; http://gamble-bryan.com/
69; westmichael@contreras.com; Botswana; https://www.cox.net/
228; rgonzalez@bond-roy.com; Turkmenistan; http://wilkins-taylor.com/
253; william06@gmail.com; Faroe Islands; http://santos.biz/
52; briggsronald@williams.net; United States Minor Outlying Islands; https://www.patrick.com/
53; aprilcobb@freeman.com; Dominica; http://ali.com/
29; paulhayes@johnson-barry.net; Armenia; http://www.martin.info/
143; alexanderjohn@riley.org; Luxembourg; https://www.kelly-cole.com/
242; ywashington@barker.org; Mauritius; http://brown.com/
56; skeller@mcclain-pitts.com; Nepal; http://www.blackburn.com/
160; rbowers@gmail.com; Haiti; http://www.thomas.biz/
64; garnerluke@hotmail.com; Kenya; http://www.reynolds-chang.com/
34; aaronsmith@wright.com; Kiribati; http://www.holmes.info/
61; cooperselena@bailey-osborne.com; Morocco; http://www.green-woods.info/
18; keithandrea@gmail.com; Canada; http://www.zuniga.com/
8; nicoleshaw@velazquez-choi.net; Qatar; http://www.reed.com/
298; cortezkathy@yahoo.com; Svalbard & Jan Mayen Islands; https://www.landry.com/
281; jenniferbrewer@kane.com; New Zealand; https://www.castaneda-cox.com/
288; imurphy@hotmail.com; Anguilla; https://www.wilson-johnson.com/
299; martinrandy@walker.net; Saint Vincent and the Grenadines; http://smith-schneider.com/
236; philippierce@ruiz.com; Singapore; http://stewart.info/
57; ryan52@cole.com; Libyan Arab Jamahiriya; http://www.taylor.biz/
147; greenjoseph@greene.com; Vanuatu; https://www.trujillo.com/
62; jillian47@harrington-wilkins.com; United States Virgin Islands; https://www.castro.org/
154; nkim@gmail.com; United States Virgin Islands; https://www.mejia.org/
235; jhouston@yahoo.com; Luxembourg; https://www.anderson.biz/
96; jonescarmen@weaver.info; Anguilla; http://www.dunn.org/
205; xsmith@carter-hayes.com; Tokelau; http://www.howard-adams.com/
